{"count":1,"gauges":{},"self":9393.5009792,"total":12731.434760099999,"children":{"AgentResetIfDone":{"count":634043,"self":25.2817248,"total":25.2817242,"children":null},"AgentSendState":{"count":634043,"self":67.7290752,"total":93.83521069999999,"children":{"CollectObservations":{"count":1268088,"self":26.1061344,"total":26.106134899999997,"children":null}}},"DecideAction":{"count":634043,"self":2901.7821184,"total":3131.4045886999997,"children":{"RayPerceptionSensor.Perceive":{"count":1268088,"self":229.62237439999998,"total":229.6223756,"children":null}}},"AcademyStep":{"count":634043,"self":6.1230383999999995,"total":6.1230383,"children":null},"AgentAct":{"count":634043,"self":81.283295999999993,"total":81.2832978,"children":null}}}